{
  "n_seeds": 5,
  "prompt_style": "uncued",
  "models": {
    "anthropic:claude-sonnet-4-6": {
      "n_clean": 115,
      "n_trapped": 115,
      "competence": 0.6608695652173913,
      "robustness": 0.8521739130434782,
      "fake_science_gap": -0.19130434782608696,
      "trap_detection_rate": 0.4782608695652174,
      "corrected_answer_rate": 0.7391304347826086,
      "wrong_undetected_rate": 0.14782608695652175,
      "confident_wrong_rate": 0.12173913043478261,
      "crash_rate": 0.0,
      "false_alarm_rate": 0.1565217391304348,
      "gap_ci": {
        "point": -0.19130434782608696,
        "ci95_low": -0.3565217391304348,
        "ci95_high": -0.034782608695652174,
        "n_families": 23,
        "n_pairs": 115
      }
    },
    "openai:gpt-5.1": {
      "n_clean": 115,
      "n_trapped": 115,
      "competence": 0.8,
      "robustness": 0.7739130434782608,
      "fake_science_gap": 0.026086956521739202,
      "trap_detection_rate": 0.19130434782608696,
      "corrected_answer_rate": 0.7304347826086957,
      "wrong_undetected_rate": 0.22608695652173913,
      "confident_wrong_rate": 0.13043478260869565,
      "crash_rate": 0.0,
      "false_alarm_rate": 0.16521739130434782,
      "gap_ci": {
        "point": 0.02608695652173913,
        "ci95_low": -0.1565217391304348,
        "ci95_high": 0.2,
        "n_families": 23,
        "n_pairs": 115
      }
    },
    "google:gemini-2.5-pro": {
      "n_clean": 115,
      "n_trapped": 115,
      "competence": 0.7043478260869566,
      "robustness": 0.8347826086956521,
      "fake_science_gap": -0.13043478260869557,
      "trap_detection_rate": 0.30434782608695654,
      "corrected_answer_rate": 0.7478260869565218,
      "wrong_undetected_rate": 0.16521739130434782,
      "confident_wrong_rate": 0.16521739130434782,
      "crash_rate": 0.0,
      "false_alarm_rate": 0.06086956521739131,
      "gap_ci": {
        "point": -0.13043478260869565,
        "ci95_low": -0.2782608695652174,
        "ci95_high": 0.0,
        "n_families": 23,
        "n_pairs": 115
      }
    },
    "google:gemini-3.1-pro-preview": {
      "n_clean": 115,
      "n_trapped": 115,
      "competence": 0.4782608695652174,
      "robustness": 0.7304347826086957,
      "fake_science_gap": -0.25217391304347825,
      "trap_detection_rate": 0.3217391304347826,
      "corrected_answer_rate": 0.6521739130434783,
      "wrong_undetected_rate": 0.26956521739130435,
      "confident_wrong_rate": 0.23478260869565218,
      "crash_rate": 0.0,
      "false_alarm_rate": 0.02608695652173913,
      "gap_ci": {
        "point": -0.25217391304347825,
        "ci95_low": -0.4782608695652174,
        "ci95_high": -0.034782608695652174,
        "n_families": 23,
        "n_pairs": 115
      }
    },
    "anthropic:claude-haiku-4-5-20251001": {
      "n_clean": 115,
      "n_trapped": 115,
      "competence": 0.5652173913043478,
      "robustness": 0.6608695652173913,
      "fake_science_gap": -0.09565217391304348,
      "trap_detection_rate": 0.3652173913043478,
      "corrected_answer_rate": 0.5304347826086957,
      "wrong_undetected_rate": 0.3391304347826087,
      "confident_wrong_rate": 0.28695652173913044,
      "crash_rate": 0.0,
      "false_alarm_rate": 0.2608695652173913,
      "gap_ci": {
        "point": -0.09565217391304348,
        "ci95_low": -0.3130434782608696,
        "ci95_high": 0.11304347826086956,
        "n_families": 23,
        "n_pairs": 115
      }
    },
    "anthropic:claude-opus-4-8": {
      "n_clean": 115,
      "n_trapped": 115,
      "competence": 0.6608695652173913,
      "robustness": 0.8173913043478261,
      "fake_science_gap": -0.15652173913043488,
      "trap_detection_rate": 0.46956521739130436,
      "corrected_answer_rate": 0.7652173913043478,
      "wrong_undetected_rate": 0.1826086956521739,
      "confident_wrong_rate": 0.14782608695652175,
      "crash_rate": 0.0,
      "false_alarm_rate": 0.1565217391304348,
      "gap_ci": {
        "point": -0.1565217391304348,
        "ci95_low": -0.3391304347826087,
        "ci95_high": 0.02608695652173913,
        "n_families": 23,
        "n_pairs": 115
      }
    },
    "openai:gpt-5-mini": {
      "n_clean": 115,
      "n_trapped": 115,
      "competence": 0.7391304347826086,
      "robustness": 0.7304347826086957,
      "fake_science_gap": 0.008695652173912993,
      "trap_detection_rate": 0.26956521739130435,
      "corrected_answer_rate": 0.6521739130434783,
      "wrong_undetected_rate": 0.26956521739130435,
      "confident_wrong_rate": 0.1826086956521739,
      "crash_rate": 0.0,
      "false_alarm_rate": 0.20869565217391303,
      "gap_ci": {
        "point": 0.008695652173913044,
        "ci95_low": -0.16521739130434782,
        "ci95_high": 0.16521739130434782,
        "n_families": 23,
        "n_pairs": 115
      }
    },
    "openai:gpt-4.1": {
      "n_clean": 115,
      "n_trapped": 115,
      "competence": 0.6434782608695652,
      "robustness": 0.591304347826087,
      "fake_science_gap": 0.05217391304347818,
      "trap_detection_rate": 0.34782608695652173,
      "corrected_answer_rate": 0.48695652173913045,
      "wrong_undetected_rate": 0.40869565217391307,
      "confident_wrong_rate": 0.40869565217391307,
      "crash_rate": 0.0,
      "false_alarm_rate": 0.08695652173913043,
      "gap_ci": {
        "point": 0.05217391304347826,
        "ci95_low": -0.1391304347826087,
        "ci95_high": 0.24347826086956523,
        "n_families": 23,
        "n_pairs": 115
      }
    },
    "openai:gpt-5.5": {
      "n_clean": 115,
      "n_trapped": 115,
      "competence": 0.7652173913043478,
      "robustness": 0.8347826086956521,
      "fake_science_gap": -0.06956521739130428,
      "trap_detection_rate": 0.4,
      "corrected_answer_rate": 0.6956521739130435,
      "wrong_undetected_rate": 0.16521739130434782,
      "confident_wrong_rate": 0.13043478260869565,
      "crash_rate": 0.0,
      "false_alarm_rate": 0.13043478260869565,
      "gap_ci": {
        "point": -0.06956521739130435,
        "ci95_low": -0.26956521739130435,
        "ci95_high": 0.13043478260869565,
        "n_families": 23,
        "n_pairs": 115
      }
    },
    "google:gemini-2.5-flash": {
      "n_clean": 115,
      "n_trapped": 115,
      "competence": 0.7652173913043478,
      "robustness": 0.7739130434782608,
      "fake_science_gap": -0.008695652173912993,
      "trap_detection_rate": 0.13043478260869565,
      "corrected_answer_rate": 0.7217391304347827,
      "wrong_undetected_rate": 0.22608695652173913,
      "confident_wrong_rate": 0.22608695652173913,
      "crash_rate": 0.0,
      "false_alarm_rate": 0.008695652173913044,
      "gap_ci": {
        "point": -0.008695652173913044,
        "ci95_low": -0.17391304347826086,
        "ci95_high": 0.14782608695652175,
        "n_families": 23,
        "n_pairs": 115
      }
    }
  }
}