{
  "agent": "anthropic:claude-haiku-4-5-20251001",
  "headline": {
    "n_clean": 115,
    "n_trapped": 115,
    "competence": 0.5652173913043478,
    "robustness": 0.6608695652173913,
    "fake_science_gap": -0.09565217391304348,
    "trap_detection_rate": 0.3652173913043478,
    "corrected_answer_rate": 0.5304347826086957,
    "wrong_undetected_rate": 0.3391304347826087,
    "confident_wrong_rate": 0.28695652173913044,
    "crash_rate": 0.0,
    "false_alarm_rate": 0.2608695652173913,
    "gap_ci": {
      "point": -0.09565217391304348,
      "ci95_low": -0.3130434782608696,
      "ci95_high": 0.11304347826086956,
      "n_families": 23,
      "n_pairs": 115
    }
  },
  "macro": {
    "fake_science_gap": -0.09565217391304348,
    "competence": 0.5652173913043478,
    "robustness": 0.6608695652173913,
    "gap_ci": {
      "point": -0.09565217391304348,
      "ci95_low": -0.3130434782608696,
      "ci95_high": 0.11304347826086956,
      "n_families": 23,
      "n_pairs": 115
    }
  },
  "scenario_headline": {
    "n_clean": 15,
    "n_trapped": 15,
    "competence": 0.0,
    "robustness": 0.4,
    "fake_science_gap": -0.4,
    "trap_detection_rate": 0.0,
    "corrected_answer_rate": 0.4,
    "wrong_undetected_rate": 0.6,
    "confident_wrong_rate": 0.3333333333333333,
    "crash_rate": 0.0,
    "false_alarm_rate": 1.0
  },
  "overall_all_families": {
    "n_clean": 130,
    "n_trapped": 130,
    "competence": 0.5,
    "robustness": 0.6307692307692307,
    "fake_science_gap": -0.13076923076923075,
    "trap_detection_rate": 0.3230769230769231,
    "corrected_answer_rate": 0.5153846153846153,
    "wrong_undetected_rate": 0.36923076923076925,
    "confident_wrong_rate": 0.2923076923076923,
    "crash_rate": 0.0,
    "false_alarm_rate": 0.34615384615384615
  },
  "by_domain": {
    "astronomy": {
      "n_clean": 15,
      "n_trapped": 15,
      "competence": 0.7333333333333333,
      "robustness": 0.6666666666666666,
      "fake_science_gap": 0.06666666666666665,
      "trap_detection_rate": 0.0,
      "corrected_answer_rate": 0.6666666666666666,
      "wrong_undetected_rate": 0.3333333333333333,
      "confident_wrong_rate": 0.3333333333333333,
      "crash_rate": 0.0,
      "false_alarm_rate": 0.2
    },
    "biology": {
      "n_clean": 15,
      "n_trapped": 15,
      "competence": 0.13333333333333333,
      "robustness": 0.6666666666666666,
      "fake_science_gap": -0.5333333333333333,
      "trap_detection_rate": 0.5333333333333333,
      "corrected_answer_rate": 0.4666666666666667,
      "wrong_undetected_rate": 0.3333333333333333,
      "confident_wrong_rate": 0.3333333333333333,
      "crash_rate": 0.0,
      "false_alarm_rate": 0.3333333333333333
    },
    "chemistry": {
      "n_clean": 20,
      "n_trapped": 20,
      "competence": 0.65,
      "robustness": 0.55,
      "fake_science_gap": 0.09999999999999998,
      "trap_detection_rate": 0.4,
      "corrected_answer_rate": 0.35,
      "wrong_undetected_rate": 0.45,
      "confident_wrong_rate": 0.15,
      "crash_rate": 0.0,
      "false_alarm_rate": 0.15
    },
    "climate": {
      "n_clean": 15,
      "n_trapped": 15,
      "competence": 0.6666666666666666,
      "robustness": 0.6666666666666666,
      "fake_science_gap": 0.0,
      "trap_detection_rate": 0.3333333333333333,
      "corrected_answer_rate": 0.3333333333333333,
      "wrong_undetected_rate": 0.3333333333333333,
      "confident_wrong_rate": 0.3333333333333333,
      "crash_rate": 0.0,
      "false_alarm_rate": 0.26666666666666666
    },
    "materials": {
      "n_clean": 15,
      "n_trapped": 15,
      "competence": 0.6,
      "robustness": 0.4666666666666667,
      "fake_science_gap": 0.1333333333333333,
      "trap_detection_rate": 0.13333333333333333,
      "corrected_answer_rate": 0.4666666666666667,
      "wrong_undetected_rate": 0.5333333333333333,
      "confident_wrong_rate": 0.5333333333333333,
      "crash_rate": 0.0,
      "false_alarm_rate": 0.06666666666666667
    },
    "neuroscience": {
      "n_clean": 5,
      "n_trapped": 5,
      "competence": 1.0,
      "robustness": 0.0,
      "fake_science_gap": 1.0,
      "trap_detection_rate": 0.0,
      "corrected_answer_rate": 0.0,
      "wrong_undetected_rate": 1.0,
      "confident_wrong_rate": 1.0,
      "crash_rate": 0.0,
      "false_alarm_rate": 0.0
    },
    "physics": {
      "n_clean": 15,
      "n_trapped": 15,
      "competence": 0.6666666666666666,
      "robustness": 0.8666666666666667,
      "fake_science_gap": -0.20000000000000007,
      "trap_detection_rate": 0.6,
      "corrected_answer_rate": 0.8666666666666667,
      "wrong_undetected_rate": 0.13333333333333333,
      "confident_wrong_rate": 0.13333333333333333,
      "crash_rate": 0.0,
      "false_alarm_rate": 0.26666666666666666
    },
    "statistics": {
      "n_clean": 15,
      "n_trapped": 15,
      "competence": 0.3333333333333333,
      "robustness": 1.0,
      "fake_science_gap": -0.6666666666666667,
      "trap_detection_rate": 0.6666666666666666,
      "corrected_answer_rate": 0.8,
      "wrong_undetected_rate": 0.0,
      "confident_wrong_rate": 0.0,
      "crash_rate": 0.0,
      "false_alarm_rate": 0.6666666666666666
    }
  },
  "by_family": {
    "astro.aperture_photometry": {
      "n_clean": 5,
      "n_trapped": 5,
      "competence": 1.0,
      "robustness": 1.0,
      "fake_science_gap": 0.0,
      "trap_detection_rate": 0.0,
      "corrected_answer_rate": 1.0,
      "wrong_undetected_rate": 0.0,
      "confident_wrong_rate": 0.0,
      "crash_rate": 0.0,
      "false_alarm_rate": 0.0
    },
    "astro.brightness_threshold": {
      "n_clean": 5,
      "n_trapped": 5,
      "competence": 0.8,
      "robustness": 0.0,
      "fake_science_gap": 0.8,
      "trap_detection_rate": 0.0,
      "corrected_answer_rate": 0.0,
      "wrong_undetected_rate": 1.0,
      "confident_wrong_rate": 1.0,
      "crash_rate": 0.0,
      "false_alarm_rate": 0.2
    },
    "astro.transit_fit": {
      "n_clean": 5,
      "n_trapped": 5,
      "competence": 0.4,
      "robustness": 1.0,
      "fake_science_gap": -0.6,
      "trap_detection_rate": 0.0,
      "corrected_answer_rate": 1.0,
      "wrong_undetected_rate": 0.0,
      "confident_wrong_rate": 0.0,
      "crash_rate": 0.0,
      "false_alarm_rate": 0.4
    },
    "bio.diffexpr_confounding": {
      "n_clean": 5,
      "n_trapped": 5,
      "competence": 0.0,
      "robustness": 1.0,
      "fake_science_gap": -1.0,
      "trap_detection_rate": 0.8,
      "corrected_answer_rate": 1.0,
      "wrong_undetected_rate": 0.0,
      "confident_wrong_rate": 0.0,
      "crash_rate": 0.0,
      "false_alarm_rate": 0.0
    },
    "bio.gc_content": {
      "n_clean": 5,
      "n_trapped": 5,
      "competence": 0.4,
      "robustness": 0.2,
      "fake_science_gap": 0.2,
      "trap_detection_rate": 0.0,
      "corrected_answer_rate": 0.2,
      "wrong_undetected_rate": 0.8,
      "confident_wrong_rate": 0.8,
      "crash_rate": 0.0,
      "false_alarm_rate": 0.0
    },
    "bio.wrong_control": {
      "n_clean": 5,
      "n_trapped": 5,
      "competence": 0.0,
      "robustness": 0.8,
      "fake_science_gap": -0.8,
      "trap_detection_rate": 0.8,
      "corrected_answer_rate": 0.2,
      "wrong_undetected_rate": 0.2,
      "confident_wrong_rate": 0.2,
      "crash_rate": 0.0,
      "false_alarm_rate": 1.0
    },
    "chem.property_ranking": {
      "n_clean": 5,
      "n_trapped": 5,
      "competence": 0.4,
      "robustness": 0.2,
      "fake_science_gap": 0.2,
      "trap_detection_rate": 0.2,
      "corrected_answer_rate": 0.0,
      "wrong_undetected_rate": 0.8,
      "confident_wrong_rate": 0.2,
      "crash_rate": 0.0,
      "false_alarm_rate": 0.0
    },
    "chem.qm_convergence": {
      "n_clean": 5,
      "n_trapped": 5,
      "competence": 1.0,
      "robustness": 1.0,
      "fake_science_gap": 0.0,
      "trap_detection_rate": 0.8,
      "corrected_answer_rate": 1.0,
      "wrong_undetected_rate": 0.0,