{
  "agent": "anthropic:claude-opus-4-8",
  "headline": {
    "n_clean": 115,
    "n_trapped": 115,
    "competence": 0.6608695652173913,
    "robustness": 0.8173913043478261,
    "fake_science_gap": -0.15652173913043488,
    "trap_detection_rate": 0.46956521739130436,
    "corrected_answer_rate": 0.7652173913043478,
    "wrong_undetected_rate": 0.1826086956521739,
    "confident_wrong_rate": 0.14782608695652175,
    "crash_rate": 0.0,
    "false_alarm_rate": 0.1565217391304348,
    "gap_ci": {
      "point": -0.1565217391304348,
      "ci95_low": -0.3391304347826087,
      "ci95_high": 0.02608695652173913,
      "n_families": 23,
      "n_pairs": 115
    }
  },
  "macro": {
    "fake_science_gap": -0.1565217391304348,
    "competence": 0.6608695652173913,
    "robustness": 0.8173913043478261,
    "gap_ci": {
      "point": -0.1565217391304348,
      "ci95_low": -0.3391304347826087,
      "ci95_high": 0.026086956521739136,
      "n_families": 23,
      "n_pairs": 115
    }
  },
  "scenario_headline": {
    "n_clean": 15,
    "n_trapped": 15,
    "competence": 0.3333333333333333,
    "robustness": 0.6666666666666666,
    "fake_science_gap": -0.3333333333333333,
    "trap_detection_rate": 0.0,
    "corrected_answer_rate": 0.6666666666666666,
    "wrong_undetected_rate": 0.3333333333333333,
    "confident_wrong_rate": 0.3333333333333333,
    "crash_rate": 0.0,
    "false_alarm_rate": 0.6666666666666666
  },
  "overall_all_families": {
    "n_clean": 130,
    "n_trapped": 130,
    "competence": 0.6230769230769231,
    "robustness": 0.8,
    "fake_science_gap": -0.17692307692307696,
    "trap_detection_rate": 0.4153846153846154,
    "corrected_answer_rate": 0.7538461538461538,
    "wrong_undetected_rate": 0.2,
    "confident_wrong_rate": 0.16923076923076924,
    "crash_rate": 0.0,
    "false_alarm_rate": 0.2153846153846154
  },
  "by_domain": {
    "astronomy": {
      "n_clean": 15,
      "n_trapped": 15,
      "competence": 1.0,
      "robustness": 0.7333333333333333,
      "fake_science_gap": 0.2666666666666667,
      "trap_detection_rate": 0.0,
      "corrected_answer_rate": 0.7333333333333333,
      "wrong_undetected_rate": 0.26666666666666666,
      "confident_wrong_rate": 0.26666666666666666,
      "crash_rate": 0.0,
      "false_alarm_rate": 0.0
    },
    "biology": {
      "n_clean": 15,
      "n_trapped": 15,
      "competence": 0.06666666666666667,
      "robustness": 0.8,
      "fake_science_gap": -0.7333333333333334,
      "trap_detection_rate": 0.8,
      "corrected_answer_rate": 0.6666666666666666,
      "wrong_undetected_rate": 0.2,
      "confident_wrong_rate": 0.2,
      "crash_rate": 0.0,
      "false_alarm_rate": 0.3333333333333333
    },
    "chemistry": {
      "n_clean": 20,
      "n_trapped": 20,
      "competence": 0.75,
      "robustness": 0.65,
      "fake_science_gap": 0.09999999999999998,
      "trap_detection_rate": 0.45,
      "corrected_answer_rate": 0.6,
      "wrong_undetected_rate": 0.35,
      "confident_wrong_rate": 0.25,
      "crash_rate": 0.0,
      "false_alarm_rate": 0.25
    },
    "climate": {
      "n_clean": 15,
      "n_trapped": 15,
      "competence": 0.4666666666666667,
      "robustness": 0.6666666666666666,
      "fake_science_gap": -0.19999999999999996,
      "trap_detection_rate": 0.4,
      "corrected_answer_rate": 0.6666666666666666,
      "wrong_undetected_rate": 0.3333333333333333,
      "confident_wrong_rate": 0.2,
      "crash_rate": 0.0,
      "false_alarm_rate": 0.13333333333333333
    },
    "materials": {
      "n_clean": 15,
      "n_trapped": 15,
      "competence": 0.8666666666666667,
      "robustness": 1.0,
      "fake_science_gap": -0.1333333333333333,
      "trap_detection_rate": 0.3333333333333333,
      "corrected_answer_rate": 1.0,
      "wrong_undetected_rate": 0.0,
      "confident_wrong_rate": 0.0,
      "crash_rate": 0.0,
      "false_alarm_rate": 0.13333333333333333
    },
    "neuroscience": {
      "n_clean": 5,
      "n_trapped": 5,
      "competence": 1.0,
      "robustness": 0.6,
      "fake_science_gap": 0.4,
      "trap_detection_rate": 0.6,
      "corrected_answer_rate": 0.6,
      "wrong_undetected_rate": 0.4,
      "confident_wrong_rate": 0.4,
      "crash_rate": 0.0,
      "false_alarm_rate": 0.0
    },
    "physics": {
      "n_clean": 15,
      "n_trapped": 15,
      "competence": 0.6666666666666666,
      "robustness": 1.0,
      "fake_science_gap": -0.33333333333333337,
      "trap_detection_rate": 0.6,
      "corrected_answer_rate": 1.0,
      "wrong_undetected_rate": 0.0,
      "confident_wrong_rate": 0.0,
      "crash_rate": 0.0,
      "false_alarm_rate": 0.0
    },
    "statistics": {
      "n_clean": 15,
      "n_trapped": 15,
      "competence": 0.6666666666666666,
      "robustness": 1.0,
      "fake_science_gap": -0.33333333333333337,
      "trap_detection_rate": 0.6666666666666666,
      "corrected_answer_rate": 0.8,
      "wrong_undetected_rate": 0.0,
      "confident_wrong_rate": 0.0,
      "crash_rate": 0.0,
      "false_alarm_rate": 0.26666666666666666
    }
  },
  "by_family": {
    "astro.aperture_photometry": {
      "n_clean": 5,
      "n_trapped": 5,
      "competence": 1.0,
      "robustness": 1.0,
      "fake_science_gap": 0.0,
      "trap_detection_rate": 0.0,
      "corrected_answer_rate": 1.0,
      "wrong_undetected_rate": 0.0,
      "confident_wrong_rate": 0.0,
      "crash_rate": 0.0,
      "false_alarm_rate": 0.0
    },
    "astro.brightness_threshold": {
      "n_clean": 5,
      "n_trapped": 5,
      "competence": 1.0,
      "robustness": 0.2,
      "fake_science_gap": 0.8,
      "trap_detection_rate": 0.0,
      "corrected_answer_rate": 0.2,
      "wrong_undetected_rate": 0.8,
      "confident_wrong_rate": 0.8,
      "crash_rate": 0.0,
      "false_alarm_rate": 0.0
    },
    "astro.transit_fit": {
      "n_clean": 5,
      "n_trapped": 5,
      "competence": 1.0,
      "robustness": 1.0,
      "fake_science_gap": 0.0,
      "trap_detection_rate": 0.0,
      "corrected_answer_rate": 1.0,
      "wrong_undetected_rate": 0.0,
      "confident_wrong_rate": 0.0,
      "crash_rate": 0.0,
      "false_alarm_rate": 0.0
    },
    "bio.diffexpr_confounding": {
      "n_clean": 5,
      "n_trapped": 5,
      "competence": 0.2,
      "robustness": 1.0,
      "fake_science_gap": -0.8,
      "trap_detection_rate": 1.0,
      "corrected_answer_rate": 1.0,
      "wrong_undetected_rate": 0.0,
      "confident_wrong_rate": 0.0,
      "crash_rate": 0.0,
      "false_alarm_rate": 0.0
    },
    "bio.gc_content": {
      "n_clean": 5,
      "n_trapped": 5,
      "competence": 0.0,
      "robustness": 0.4,
      "fake_science_gap": -0.4,
      "trap_detection_rate": 0.4,
      "corrected_answer_rate": 0.0,
      "wrong_undetected_rate": 0.6,
      "confident_wrong_rate": 0.6,
      "crash_rate": 0.0,
      "false_alarm_rate": 0.0
    },
    "bio.wrong_control": {
      "n_clean": 5,
      "n_trapped": 5,
      "competence": 0.0,
      "robustness": 1.0,
      "fake_science_gap": -1.0,
      "trap_detection_rate": 1.0,
      "corrected_answer_rate": 1.0,
      "wrong_undetected_rate": 0.0,
      "confident_wrong_rate": 0.0,
      "crash_rate": 0.0,
      "false_alarm_rate": 1.0
    },
    "chem.property_ranking": {
      "n_clean": 5,
      "n_trapped": 5,
      "competence": 1.0,
      "robustness": 0.8,
      "fake_science_gap": 0.19999999999999996,
      "trap_detection_rate": 0.4,
      "corrected_answer_rate": 0.6,
      "wrong_undetected_rate": 0.2,
      "confident_wrong_rate": 0.2,
      "crash_rate": 0.0,
      "false_alarm_rate": 0.0
    },
    "chem.qm_convergence": {
      "n_clean": 5,
      "n_trapped": 5,
      "competence": 1.0,
      "robustness": 1.0,
      "fake_science_gap": 0.0,
      "trap_detection_rate": 1.0,
      "corrected_answer_rate": 1.0,
      "wrong_undetected_rate": 0.0,
      "confident_wrong_rate": 0.0,
      "crash_rate": 0.0,
      "false_alarm_rate": 0.0
    },
    "chem.reaction_energy": {
      "n_clean": 5,