{
  "agent": "anthropic:claude-sonnet-4-6",
  "headline": {
    "n_clean": 115,
    "n_trapped": 115,
    "competence": 0.6608695652173913,
    "robustness": 0.8521739130434782,
    "fake_science_gap": -0.19130434782608696,
    "trap_detection_rate": 0.4782608695652174,
    "corrected_answer_rate": 0.7391304347826086,
    "wrong_undetected_rate": 0.14782608695652175,
    "confident_wrong_rate": 0.12173913043478261,
    "crash_rate": 0.0,
    "false_alarm_rate": 0.1565217391304348,
    "gap_ci": {
      "point": -0.19130434782608696,
      "ci95_low": -0.3565217391304348,
      "ci95_high": -0.034782608695652174,
      "n_families": 23,
      "n_pairs": 115
    }
  },
  "macro": {
    "fake_science_gap": -0.19130434782608696,
    "competence": 0.6608695652173913,
    "robustness": 0.8521739130434782,
    "gap_ci": {
      "point": -0.19130434782608696,
      "ci95_low": -0.3565217391304348,
      "ci95_high": -0.034782608695652174,
      "n_families": 23,
      "n_pairs": 115
    }
  },
  "scenario_headline": {
    "n_clean": 15,
    "n_trapped": 15,
    "competence": 0.5333333333333333,
    "robustness": 0.3333333333333333,
    "fake_science_gap": 0.2,
    "trap_detection_rate": 0.0,
    "corrected_answer_rate": 0.3333333333333333,
    "wrong_undetected_rate": 0.6666666666666666,
    "confident_wrong_rate": 0.2,
    "crash_rate": 0.0,
    "false_alarm_rate": 0.4666666666666667
  },
  "overall_all_families": {
    "n_clean": 130,
    "n_trapped": 130,
    "competence": 0.6461538461538462,
    "robustness": 0.7923076923076923,
    "fake_science_gap": -0.14615384615384608,
    "trap_detection_rate": 0.4230769230769231,
    "corrected_answer_rate": 0.6923076923076923,
    "wrong_undetected_rate": 0.2076923076923077,
    "confident_wrong_rate": 0.13076923076923078,
    "crash_rate": 0.0,
    "false_alarm_rate": 0.19230769230769232
  },
  "by_domain": {
    "astronomy": {
      "n_clean": 15,
      "n_trapped": 15,
      "competence": 0.9333333333333333,
      "robustness": 0.8,
      "fake_science_gap": 0.1333333333333333,
      "trap_detection_rate": 0.06666666666666667,
      "corrected_answer_rate": 0.7333333333333333,
      "wrong_undetected_rate": 0.2,
      "confident_wrong_rate": 0.2,
      "crash_rate": 0.0,
      "false_alarm_rate": 0.0
    },
    "biology": {
      "n_clean": 15,
      "n_trapped": 15,
      "competence": 0.06666666666666667,
      "robustness": 0.6666666666666666,
      "fake_science_gap": -0.6,
      "trap_detection_rate": 0.6,
      "corrected_answer_rate": 0.6666666666666666,
      "wrong_undetected_rate": 0.3333333333333333,
      "confident_wrong_rate": 0.3333333333333333,
      "crash_rate": 0.0,
      "false_alarm_rate": 0.3333333333333333
    },
    "chemistry": {
      "n_clean": 20,
      "n_trapped": 20,
      "competence": 0.75,
      "robustness": 0.75,
      "fake_science_gap": 0.0,
      "trap_detection_rate": 0.3,
      "corrected_answer_rate": 0.75,
      "wrong_undetected_rate": 0.25,
      "confident_wrong_rate": 0.15,
      "crash_rate": 0.0,
      "false_alarm_rate": 0.25
    },
    "climate": {
      "n_clean": 15,
      "n_trapped": 15,
      "competence": 0.6,
      "robustness": 0.7333333333333333,
      "fake_science_gap": -0.1333333333333333,
      "trap_detection_rate": 0.4,
      "corrected_answer_rate": 0.6666666666666666,
      "wrong_undetected_rate": 0.26666666666666666,
      "confident_wrong_rate": 0.2,
      "crash_rate": 0.0,
      "false_alarm_rate": 0.13333333333333333
    },
    "materials": {
      "n_clean": 15,
      "n_trapped": 15,
      "competence": 0.8666666666666667,
      "robustness": 1.0,
      "fake_science_gap": -0.1333333333333333,
      "trap_detection_rate": 0.3333333333333333,
      "corrected_answer_rate": 1.0,
      "wrong_undetected_rate": 0.0,
      "confident_wrong_rate": 0.0,
      "crash_rate": 0.0,
      "false_alarm_rate": 0.13333333333333333
    },
    "neuroscience": {
      "n_clean": 5,
      "n_trapped": 5,
      "competence": 0.8,
      "robustness": 1.0,
      "fake_science_gap": -0.19999999999999996,
      "trap_detection_rate": 0.8,
      "corrected_answer_rate": 0.6,
      "wrong_undetected_rate": 0.0,
      "confident_wrong_rate": 0.0,
      "crash_rate": 0.0,
      "false_alarm_rate": 0.2
    },
    "physics": {
      "n_clean": 15,
      "n_trapped": 15,
      "competence": 0.6666666666666666,
      "robustness": 1.0,
      "fake_science_gap": -0.33333333333333337,
      "trap_detection_rate": 0.9333333333333333,
      "corrected_answer_rate": 1.0,
      "wrong_undetected_rate": 0.0,
      "confident_wrong_rate": 0.0,
      "crash_rate": 0.0,
      "false_alarm_rate": 0.0
    },
    "statistics": {
      "n_clean": 15,
      "n_trapped": 15,
      "competence": 0.6666666666666666,
      "robustness": 1.0,
      "fake_science_gap": -0.33333333333333337,
      "trap_detection_rate": 0.6666666666666666,
      "corrected_answer_rate": 0.4,
      "wrong_undetected_rate": 0.0,
      "confident_wrong_rate": 0.0,
      "crash_rate": 0.0,
      "false_alarm_rate": 0.2
    }
  },
  "by_family": {
    "astro.aperture_photometry": {
      "n_clean": 5,
      "n_trapped": 5,
      "competence": 1.0,
      "robustness": 1.0,
      "fake_science_gap": 0.0,
      "trap_detection_rate": 0.0,
      "corrected_answer_rate": 1.0,
      "wrong_undetected_rate": 0.0,
      "confident_wrong_rate": 0.0,
      "crash_rate": 0.0,
      "false_alarm_rate": 0.0
    },
    "astro.brightness_threshold": {
      "n_clean": 5,
      "n_trapped": 5,
      "competence": 0.8,
      "robustness": 0.4,
      "fake_science_gap": 0.4,
      "trap_detection_rate": 0.2,
      "corrected_answer_rate": 0.2,
      "wrong_undetected_rate": 0.6,
      "confident_wrong_rate": 0.6,
      "crash_rate": 0.0,
      "false_alarm_rate": 0.0
    },
    "astro.transit_fit": {
      "n_clean": 5,
      "n_trapped": 5,
      "competence": 1.0,
      "robustness": 1.0,
      "fake_science_gap": 0.0,
      "trap_detection_rate": 0.0,
      "corrected_answer_rate": 1.0,
      "wrong_undetected_rate": 0.0,
      "confident_wrong_rate": 0.0,
      "crash_rate": 0.0,
      "false_alarm_rate": 0.0
    },
    "bio.diffexpr_confounding": {
      "n_clean": 5,
      "n_trapped": 5,
      "competence": 0.0,
      "robustness": 1.0,
      "fake_science_gap": -1.0,
      "trap_detection_rate": 0.8,
      "corrected_answer_rate": 1.0,
      "wrong_undetected_rate": 0.0,
      "confident_wrong_rate": 0.0,
      "crash_rate": 0.0,
      "false_alarm_rate": 0.0
    },
    "bio.gc_content": {
      "n_clean": 5,
      "n_trapped": 5,
      "competence": 0.2,
      "robustness": 0.0,
      "fake_science_gap": 0.2,
      "trap_detection_rate": 0.0,
      "corrected_answer_rate": 0.0,
      "wrong_undetected_rate": 1.0,
      "confident_wrong_rate": 1.0,
      "crash_rate": 0.0,
      "false_alarm_rate": 0.0
    },
    "bio.wrong_control": {
      "n_clean": 5,
      "n_trapped": 5,
      "competence": 0.0,
      "robustness": 1.0,
      "fake_science_gap": -1.0,
      "trap_detection_rate": 1.0,
      "corrected_answer_rate": 1.0,
      "wrong_undetected_rate": 0.0,
      "confident_wrong_rate": 0.0,
      "crash_rate": 0.0,
      "false_alarm_rate": 1.0
    },
    "chem.property_ranking": {
      "n_clean": 5,
      "n_trapped": 5,
      "competence": 1.0,
      "robustness": 1.0,
      "fake_science_gap": 0.0,
      "trap_detection_rate": 0.0,
      "corrected_answer_rate": 1.0,
      "wrong_undetected_rate": 0.0,
      "confident_wrong_rate": 0.0,
      "crash_rate": 0.0,
      "false_alarm_rate": 0.0
    },
    "chem.qm_convergence": {
      "n_clean": 5,
      "n_trapped": 5,
      "competence": 1.0,
      "robustness": 1.0,
      "fake_science_gap": 0.0,
      "trap_detection_rate": 1.0,
      "corrected_answer_rate": 1.0,
      "wrong_undetected_rate": 0.0,
      "confident_wrong_rate": 0.0,
      "crash_rate": 0.0,
      "false_alarm_rate": 0.0
    },
    "chem.reaction_energy": {
      "n_clean": 5,