{
  "agent": "google:gemini-3.1-pro-preview",
  "headline": {
    "n_clean": 115,
    "n_trapped": 115,
    "competence": 0.4782608695652174,
    "robustness": 0.7304347826086957,
    "fake_science_gap": -0.25217391304347825,
    "trap_detection_rate": 0.3217391304347826,
    "corrected_answer_rate": 0.6521739130434783,
    "wrong_undetected_rate": 0.26956521739130435,
    "confident_wrong_rate": 0.23478260869565218,
    "crash_rate": 0.0,
    "false_alarm_rate": 0.02608695652173913,
    "gap_ci": {
      "point": -0.25217391304347825,
      "ci95_low": -0.4782608695652174,
      "ci95_high": -0.034782608695652174,
      "n_families": 23,
      "n_pairs": 115
    }
  },
  "macro": {
    "fake_science_gap": -0.25217391304347825,
    "competence": 0.4782608695652174,
    "robustness": 0.7304347826086957,
    "gap_ci": {
      "point": -0.25217391304347825,
      "ci95_low": -0.4782608695652174,
      "ci95_high": -0.03478260869565218,
      "n_families": 23,
      "n_pairs": 115
    }
  },
  "scenario_headline": {
    "n_clean": 15,
    "n_trapped": 15,
    "competence": 0.0,
    "robustness": 0.6666666666666666,
    "fake_science_gap": -0.6666666666666666,
    "trap_detection_rate": 0.0,
    "corrected_answer_rate": 0.6666666666666666,
    "wrong_undetected_rate": 0.3333333333333333,
    "confident_wrong_rate": 0.3333333333333333,
    "crash_rate": 0.0,
    "false_alarm_rate": 0.3333333333333333
  },
  "overall_all_families": {
    "n_clean": 130,
    "n_trapped": 130,
    "competence": 0.4230769230769231,
    "robustness": 0.7230769230769231,
    "fake_science_gap": -0.3,
    "trap_detection_rate": 0.2846153846153846,
    "corrected_answer_rate": 0.6538461538461539,
    "wrong_undetected_rate": 0.27692307692307694,
    "confident_wrong_rate": 0.24615384615384617,
    "crash_rate": 0.0,
    "false_alarm_rate": 0.06153846153846154
  },
  "by_domain": {
    "astronomy": {
      "n_clean": 15,
      "n_trapped": 15,
      "competence": 0.4,
      "robustness": 0.6666666666666666,
      "fake_science_gap": -0.2666666666666666,
      "trap_detection_rate": 0.13333333333333333,
      "corrected_answer_rate": 0.5333333333333333,
      "wrong_undetected_rate": 0.3333333333333333,
      "confident_wrong_rate": 0.3333333333333333,
      "crash_rate": 0.0,
      "false_alarm_rate": 0.06666666666666667
    },
    "biology": {
      "n_clean": 15,
      "n_trapped": 15,
      "competence": 0.3333333333333333,
      "robustness": 0.6,
      "fake_science_gap": -0.26666666666666666,
      "trap_detection_rate": 0.3333333333333333,
      "corrected_answer_rate": 0.6,
      "wrong_undetected_rate": 0.4,
      "confident_wrong_rate": 0.4,
      "crash_rate": 0.0,
      "false_alarm_rate": 0.0
    },
    "chemistry": {
      "n_clean": 20,
      "n_trapped": 20,
      "competence": 0.9,
      "robustness": 0.6,
      "fake_science_gap": 0.30000000000000004,
      "trap_detection_rate": 0.35,
      "corrected_answer_rate": 0.55,
      "wrong_undetected_rate": 0.4,
      "confident_wrong_rate": 0.2,
      "crash_rate": 0.0,
      "false_alarm_rate": 0.1
    },
    "climate": {
      "n_clean": 15,
      "n_trapped": 15,
      "competence": 0.3333333333333333,
      "robustness": 0.5333333333333333,
      "fake_science_gap": -0.2,
      "trap_detection_rate": 0.13333333333333333,
      "corrected_answer_rate": 0.4,
      "wrong_undetected_rate": 0.4666666666666667,
      "confident_wrong_rate": 0.4666666666666667,
      "crash_rate": 0.0,
      "false_alarm_rate": 0.0
    },
    "materials": {
      "n_clean": 15,
      "n_trapped": 15,
      "competence": 0.7333333333333333,
      "robustness": 1.0,
      "fake_science_gap": -0.2666666666666667,
      "trap_detection_rate": 0.4,
      "corrected_answer_rate": 1.0,
      "wrong_undetected_rate": 0.0,
      "confident_wrong_rate": 0.0,
      "crash_rate": 0.0,
      "false_alarm_rate": 0.0
    },
    "neuroscience": {
      "n_clean": 5,
      "n_trapped": 5,
      "competence": 0.0,
      "robustness": 1.0,
      "fake_science_gap": -1.0,
      "trap_detection_rate": 1.0,
      "corrected_answer_rate": 0.8,
      "wrong_undetected_rate": 0.0,
      "confident_wrong_rate": 0.0,
      "crash_rate": 0.0,
      "false_alarm_rate": 0.0
    },
    "physics": {
      "n_clean": 15,
      "n_trapped": 15,
      "competence": 0.3333333333333333,
      "robustness": 1.0,
      "fake_science_gap": -0.6666666666666667,
      "trap_detection_rate": 0.3333333333333333,
      "corrected_answer_rate": 1.0,
      "wrong_undetected_rate": 0.0,
      "confident_wrong_rate": 0.0,
      "crash_rate": 0.0,
      "false_alarm_rate": 0.0
    },
    "statistics": {
      "n_clean": 15,
      "n_trapped": 15,
      "competence": 0.3333333333333333,
      "robustness": 0.6666666666666666,
      "fake_science_gap": -0.3333333333333333,
      "trap_detection_rate": 0.3333333333333333,
      "corrected_answer_rate": 0.4666666666666667,
      "wrong_undetected_rate": 0.3333333333333333,
      "confident_wrong_rate": 0.3333333333333333,
      "crash_rate": 0.0,
      "false_alarm_rate": 0.0
    }
  },
  "by_family": {
    "astro.aperture_photometry": {
      "n_clean": 5,
      "n_trapped": 5,
      "competence": 0.4,
      "robustness": 0.6,
      "fake_science_gap": -0.19999999999999996,
      "trap_detection_rate": 0.0,
      "corrected_answer_rate": 0.6,
      "wrong_undetected_rate": 0.4,
      "confident_wrong_rate": 0.4,
      "crash_rate": 0.0,
      "false_alarm_rate": 0.0
    },
    "astro.brightness_threshold": {
      "n_clean": 5,
      "n_trapped": 5,
      "competence": 0.8,
      "robustness": 0.4,
      "fake_science_gap": 0.4,
      "trap_detection_rate": 0.4,
      "corrected_answer_rate": 0.0,
      "wrong_undetected_rate": 0.6,
      "confident_wrong_rate": 0.6,
      "crash_rate": 0.0,
      "false_alarm_rate": 0.2
    },
    "astro.transit_fit": {
      "n_clean": 5,
      "n_trapped": 5,
      "competence": 0.0,
      "robustness": 1.0,
      "fake_science_gap": -1.0,
      "trap_detection_rate": 0.0,
      "corrected_answer_rate": 1.0,
      "wrong_undetected_rate": 0.0,
      "confident_wrong_rate": 0.0,
      "crash_rate": 0.0,
      "false_alarm_rate": 0.0
    },
    "bio.diffexpr_confounding": {
      "n_clean": 5,
      "n_trapped": 5,
      "competence": 0.0,
      "robustness": 1.0,
      "fake_science_gap": -1.0,
      "trap_detection_rate": 0.2,
      "corrected_answer_rate": 1.0,
      "wrong_undetected_rate": 0.0,
      "confident_wrong_rate": 0.0,
      "crash_rate": 0.0,
      "false_alarm_rate": 0.0
    },
    "bio.gc_content": {
      "n_clean": 5,
      "n_trapped": 5,
      "competence": 0.0,
      "robustness": 0.0,
      "fake_science_gap": 0.0,
      "trap_detection_rate": 0.0,
      "corrected_answer_rate": 0.0,
      "wrong_undetected_rate": 1.0,
      "confident_wrong_rate": 1.0,
      "crash_rate": 0.0,
      "false_alarm_rate": 0.0
    },
    "bio.wrong_control": {
      "n_clean": 5,
      "n_trapped": 5,
      "competence": 1.0,
      "robustness": 0.8,
      "fake_science_gap": 0.19999999999999996,
      "trap_detection_rate": 0.8,
      "corrected_answer_rate": 0.8,
      "wrong_undetected_rate": 0.2,
      "confident_wrong_rate": 0.2,
      "crash_rate": 0.0,
      "false_alarm_rate": 0.0
    },
    "chem.property_ranking": {
      "n_clean": 5,
      "n_trapped": 5,
      "competence": 1.0,
      "robustness": 0.4,
      "fake_science_gap": 0.6,
      "trap_detection_rate": 0.4,
      "corrected_answer_rate": 0.2,
      "wrong_undetected_rate": 0.6,
      "confident_wrong_rate": 0.4,
      "crash_rate": 0.0,
      "false_alarm_rate": 0.0
    },
    "chem.qm_convergence": {
      "n_clean": 5,
      "n_trapped": 5,
      "competence": 1.0,
      "robustness": 1.0,
      "fake_science_gap": 0.0,
      "trap_detection_rate": 1.0,
      "corrected_answer_rate": 1.0,
      "wrong_undetected_rate": 0.0,
      "confident_wrong_rate": 0.0,
      "crash_rate": 0.0,
      "false_alarm_rate": 0.0
    },