{
  "agent": "google:gemini-2.5-pro",
  "headline": {
    "n_clean": 115,
    "n_trapped": 115,
    "competence": 0.7043478260869566,
    "robustness": 0.8347826086956521,
    "fake_science_gap": -0.13043478260869557,
    "trap_detection_rate": 0.30434782608695654,
    "corrected_answer_rate": 0.7478260869565218,
    "wrong_undetected_rate": 0.16521739130434782,
    "confident_wrong_rate": 0.16521739130434782,
    "crash_rate": 0.0,
    "false_alarm_rate": 0.06086956521739131,
    "gap_ci": {
      "point": -0.13043478260869565,
      "ci95_low": -0.2782608695652174,
      "ci95_high": 0.0,
      "n_families": 23,
      "n_pairs": 115
    }
  },
  "macro": {
    "fake_science_gap": -0.13043478260869565,
    "competence": 0.7043478260869566,
    "robustness": 0.8347826086956521,
    "gap_ci": {
      "point": -0.13043478260869565,
      "ci95_low": -0.2782608695652174,
      "ci95_high": 0.0,
      "n_families": 23,
      "n_pairs": 115
    }
  },
  "scenario_headline": {
    "n_clean": 15,
    "n_trapped": 15,
    "competence": 0.3333333333333333,
    "robustness": 0.4,
    "fake_science_gap": -0.06666666666666671,
    "trap_detection_rate": 0.0,
    "corrected_answer_rate": 0.4,
    "wrong_undetected_rate": 0.6,
    "confident_wrong_rate": 0.6,
    "crash_rate": 0.0,
    "false_alarm_rate": 0.4
  },
  "overall_all_families": {
    "n_clean": 130,
    "n_trapped": 130,
    "competence": 0.6615384615384615,
    "robustness": 0.7846153846153846,
    "fake_science_gap": -0.12307692307692308,
    "trap_detection_rate": 0.2692307692307692,
    "corrected_answer_rate": 0.7076923076923077,
    "wrong_undetected_rate": 0.2153846153846154,
    "confident_wrong_rate": 0.2153846153846154,
    "crash_rate": 0.0,
    "false_alarm_rate": 0.1
  },
  "by_domain": {
    "astronomy": {
      "n_clean": 15,
      "n_trapped": 15,
      "competence": 0.8666666666666667,
      "robustness": 0.8,
      "fake_science_gap": 0.06666666666666665,
      "trap_detection_rate": 0.06666666666666667,
      "corrected_answer_rate": 0.8,
      "wrong_undetected_rate": 0.2,
      "confident_wrong_rate": 0.2,
      "crash_rate": 0.0,
      "false_alarm_rate": 0.06666666666666667
    },
    "biology": {
      "n_clean": 15,
      "n_trapped": 15,
      "competence": 0.3333333333333333,
      "robustness": 0.7333333333333333,
      "fake_science_gap": -0.39999999999999997,
      "trap_detection_rate": 0.6666666666666666,
      "corrected_answer_rate": 0.6,
      "wrong_undetected_rate": 0.26666666666666666,
      "confident_wrong_rate": 0.26666666666666666,
      "crash_rate": 0.0,
      "false_alarm_rate": 0.13333333333333333
    },
    "chemistry": {
      "n_clean": 20,
      "n_trapped": 20,
      "competence": 0.8,
      "robustness": 0.85,
      "fake_science_gap": -0.04999999999999993,
      "trap_detection_rate": 0.25,
      "corrected_answer_rate": 0.75,
      "wrong_undetected_rate": 0.15,
      "confident_wrong_rate": 0.15,
      "crash_rate": 0.0,
      "false_alarm_rate": 0.2
    },
    "climate": {
      "n_clean": 15,
      "n_trapped": 15,
      "competence": 0.5333333333333333,
      "robustness": 0.8,
      "fake_science_gap": -0.2666666666666667,
      "trap_detection_rate": 0.0,
      "corrected_answer_rate": 0.8,
      "wrong_undetected_rate": 0.2,
      "confident_wrong_rate": 0.2,
      "crash_rate": 0.0,
      "false_alarm_rate": 0.0
    },
    "materials": {
      "n_clean": 15,
      "n_trapped": 15,
      "competence": 1.0,
      "robustness": 0.9333333333333333,
      "fake_science_gap": 0.06666666666666665,
      "trap_detection_rate": 0.26666666666666666,
      "corrected_answer_rate": 0.9333333333333333,
      "wrong_undetected_rate": 0.06666666666666667,
      "confident_wrong_rate": 0.06666666666666667,
      "crash_rate": 0.0,
      "false_alarm_rate": 0.0
    },
    "neuroscience": {
      "n_clean": 5,
      "n_trapped": 5,
      "competence": 1.0,
      "robustness": 1.0,
      "fake_science_gap": 0.0,
      "trap_detection_rate": 1.0,
      "corrected_answer_rate": 0.4,
      "wrong_undetected_rate": 0.0,
      "confident_wrong_rate": 0.0,
      "crash_rate": 0.0,
      "false_alarm_rate": 0.0
    },
    "physics": {
      "n_clean": 15,
      "n_trapped": 15,
      "competence": 0.6666666666666666,
      "robustness": 1.0,
      "fake_science_gap": -0.33333333333333337,
      "trap_detection_rate": 0.3333333333333333,
      "corrected_answer_rate": 1.0,
      "wrong_undetected_rate": 0.0,
      "confident_wrong_rate": 0.0,
      "crash_rate": 0.0,
      "false_alarm_rate": 0.0
    },
    "statistics": {
      "n_clean": 15,
      "n_trapped": 15,
      "competence": 0.6,
      "robustness": 0.6666666666666666,
      "fake_science_gap": -0.06666666666666665,
      "trap_detection_rate": 0.3333333333333333,
      "corrected_answer_rate": 0.4666666666666667,
      "wrong_undetected_rate": 0.3333333333333333,
      "confident_wrong_rate": 0.3333333333333333,
      "crash_rate": 0.0,
      "false_alarm_rate": 0.0
    }
  },
  "by_family": {
    "astro.aperture_photometry": {
      "n_clean": 5,
      "n_trapped": 5,
      "competence": 1.0,
      "robustness": 1.0,
      "fake_science_gap": 0.0,
      "trap_detection_rate": 0.0,
      "corrected_answer_rate": 1.0,
      "wrong_undetected_rate": 0.0,
      "confident_wrong_rate": 0.0,
      "crash_rate": 0.0,
      "false_alarm_rate": 0.0
    },
    "astro.brightness_threshold": {
      "n_clean": 5,
      "n_trapped": 5,
      "competence": 0.8,
      "robustness": 0.4,
      "fake_science_gap": 0.4,
      "trap_detection_rate": 0.0,
      "corrected_answer_rate": 0.4,
      "wrong_undetected_rate": 0.6,
      "confident_wrong_rate": 0.6,
      "crash_rate": 0.0,
      "false_alarm_rate": 0.2
    },
    "astro.transit_fit": {
      "n_clean": 5,
      "n_trapped": 5,
      "competence": 0.8,
      "robustness": 1.0,
      "fake_science_gap": -0.19999999999999996,
      "trap_detection_rate": 0.2,
      "corrected_answer_rate": 1.0,
      "wrong_undetected_rate": 0.0,
      "confident_wrong_rate": 0.0,
      "crash_rate": 0.0,
      "false_alarm_rate": 0.0
    },
    "bio.diffexpr_confounding": {
      "n_clean": 5,
      "n_trapped": 5,
      "competence": 0.0,
      "robustness": 1.0,
      "fake_science_gap": -1.0,
      "trap_detection_rate": 0.8,
      "corrected_answer_rate": 1.0,
      "wrong_undetected_rate": 0.0,
      "confident_wrong_rate": 0.0,
      "crash_rate": 0.0,
      "false_alarm_rate": 0.0
    },
    "bio.gc_content": {
      "n_clean": 5,
      "n_trapped": 5,
      "competence": 0.4,
      "robustness": 0.2,
      "fake_science_gap": 0.2,
      "trap_detection_rate": 0.2,
      "corrected_answer_rate": 0.0,
      "wrong_undetected_rate": 0.8,
      "confident_wrong_rate": 0.8,
      "crash_rate": 0.0,
      "false_alarm_rate": 0.0
    },
    "bio.wrong_control": {
      "n_clean": 5,
      "n_trapped": 5,
      "competence": 0.6,
      "robustness": 1.0,
      "fake_science_gap": -0.4,
      "trap_detection_rate": 1.0,
      "corrected_answer_rate": 0.8,
      "wrong_undetected_rate": 0.0,
      "confident_wrong_rate": 0.0,
      "crash_rate": 0.0,
      "false_alarm_rate": 0.4
    },
    "chem.property_ranking": {
      "n_clean": 5,
      "n_trapped": 5,
      "competence": 1.0,
      "robustness": 1.0,
      "fake_science_gap": 0.0,
      "trap_detection_rate": 0.0,
      "corrected_answer_rate": 1.0,
      "wrong_undetected_rate": 0.0,
      "confident_wrong_rate": 0.0,
      "crash_rate": 0.0,
      "false_alarm_rate": 0.0
    },
    "chem.qm_convergence": {
      "n_clean": 5,
      "n_trapped": 5,
      "competence": 1.0,
      "robustness": 1.0,
      "fake_science_gap": 0.0,
      "trap_detection_rate": 0.6,
      "corrected_answer_rate": 1.0,
      "wrong_undetected_rate": 0.0,
      "confident_wrong_rate": 0.0,
      "crash_rate": 0.0,
      "false_alarm_rate": 0.0
    },
    "chem.reaction_energy": {
      "n_clean": 5,
      "n_trapped": 5,
      "competence": 1.0,