{
  "agent": "openai:gpt-5.5",
  "headline": {
    "n_clean": 115,
    "n_trapped": 115,
    "competence": 0.7652173913043478,
    "robustness": 0.8347826086956521,
    "fake_science_gap": -0.06956521739130428,
    "trap_detection_rate": 0.4,
    "corrected_answer_rate": 0.6956521739130435,
    "wrong_undetected_rate": 0.16521739130434782,
    "confident_wrong_rate": 0.13043478260869565,
    "crash_rate": 0.0,
    "false_alarm_rate": 0.13043478260869565,
    "gap_ci": {
      "point": -0.06956521739130435,
      "ci95_low": -0.26956521739130435,
      "ci95_high": 0.13043478260869565,
      "n_families": 23,
      "n_pairs": 115
    }
  },
  "macro": {
    "fake_science_gap": -0.06956521739130435,
    "competence": 0.7652173913043478,
    "robustness": 0.8347826086956521,
    "gap_ci": {
      "point": -0.06956521739130435,
      "ci95_low": -0.26956521739130435,
      "ci95_high": 0.13043478260869565,
      "n_families": 23,
      "n_pairs": 115
    }
  },
  "scenario_headline": {
    "n_clean": 15,
    "n_trapped": 15,
    "competence": 0.6666666666666666,
    "robustness": 0.6666666666666666,
    "fake_science_gap": 0.0,
    "trap_detection_rate": 0.0,
    "corrected_answer_rate": 0.6666666666666666,
    "wrong_undetected_rate": 0.3333333333333333,
    "confident_wrong_rate": 0.3333333333333333,
    "crash_rate": 0.0,
    "false_alarm_rate": 0.3333333333333333
  },
  "overall_all_families": {
    "n_clean": 130,
    "n_trapped": 130,
    "competence": 0.7538461538461538,
    "robustness": 0.8153846153846154,
    "fake_science_gap": -0.06153846153846154,
    "trap_detection_rate": 0.35384615384615387,
    "corrected_answer_rate": 0.6923076923076923,
    "wrong_undetected_rate": 0.18461538461538463,
    "confident_wrong_rate": 0.15384615384615385,
    "crash_rate": 0.0,
    "false_alarm_rate": 0.15384615384615385
  },
  "by_domain": {
    "astronomy": {
      "n_clean": 15,
      "n_trapped": 15,
      "competence": 0.9333333333333333,
      "robustness": 0.6666666666666666,
      "fake_science_gap": 0.2666666666666667,
      "trap_detection_rate": 0.0,
      "corrected_answer_rate": 0.6666666666666666,
      "wrong_undetected_rate": 0.3333333333333333,
      "confident_wrong_rate": 0.3333333333333333,
      "crash_rate": 0.0,
      "false_alarm_rate": 0.06666666666666667
    },
    "biology": {
      "n_clean": 15,
      "n_trapped": 15,
      "competence": 0.13333333333333333,
      "robustness": 0.8666666666666667,
      "fake_science_gap": -0.7333333333333334,
      "trap_detection_rate": 0.8666666666666667,
      "corrected_answer_rate": 0.6,
      "wrong_undetected_rate": 0.13333333333333333,
      "confident_wrong_rate": 0.13333333333333333,
      "crash_rate": 0.0,
      "false_alarm_rate": 0.3333333333333333
    },
    "chemistry": {
      "n_clean": 20,
      "n_trapped": 20,
      "competence": 0.95,
      "robustness": 0.7,
      "fake_science_gap": 0.25,
      "trap_detection_rate": 0.3,
      "corrected_answer_rate": 0.7,
      "wrong_undetected_rate": 0.3,
      "confident_wrong_rate": 0.1,
      "crash_rate": 0.0,
      "false_alarm_rate": 0.05
    },
    "climate": {
      "n_clean": 15,
      "n_trapped": 15,
      "competence": 0.6,
      "robustness": 1.0,
      "fake_science_gap": -0.4,
      "trap_detection_rate": 0.5333333333333333,
      "corrected_answer_rate": 0.6666666666666666,
      "wrong_undetected_rate": 0.0,
      "confident_wrong_rate": 0.0,
      "crash_rate": 0.0,
      "false_alarm_rate": 0.2
    },
    "materials": {
      "n_clean": 15,
      "n_trapped": 15,
      "competence": 1.0,
      "robustness": 0.8,
      "fake_science_gap": 0.19999999999999996,
      "trap_detection_rate": 0.3333333333333333,
      "corrected_answer_rate": 0.8,
      "wrong_undetected_rate": 0.2,
      "confident_wrong_rate": 0.2,
      "crash_rate": 0.0,
      "false_alarm_rate": 0.0
    },
    "neuroscience": {
      "n_clean": 5,
      "n_trapped": 5,
      "competence": 1.0,
      "robustness": 0.4,
      "fake_science_gap": 0.6,
      "trap_detection_rate": 0.2,
      "corrected_answer_rate": 0.4,
      "wrong_undetected_rate": 0.6,
      "confident_wrong_rate": 0.6,
      "crash_rate": 0.0,
      "false_alarm_rate": 0.0
    },
    "physics": {
      "n_clean": 15,
      "n_trapped": 15,
      "competence": 0.9333333333333333,
      "robustness": 1.0,
      "fake_science_gap": -0.06666666666666665,
      "trap_detection_rate": 0.2,
      "corrected_answer_rate": 1.0,
      "wrong_undetected_rate": 0.0,
      "confident_wrong_rate": 0.0,
      "crash_rate": 0.0,
      "false_alarm_rate": 0.0
    },
    "statistics": {
      "n_clean": 15,
      "n_trapped": 15,
      "competence": 0.6666666666666666,
      "robustness": 1.0,
      "fake_science_gap": -0.33333333333333337,
      "trap_detection_rate": 0.6666666666666666,
      "corrected_answer_rate": 0.5333333333333333,
      "wrong_undetected_rate": 0.0,
      "confident_wrong_rate": 0.0,
      "crash_rate": 0.0,
      "false_alarm_rate": 0.3333333333333333
    }
  },
  "by_family": {
    "astro.aperture_photometry": {
      "n_clean": 5,
      "n_trapped": 5,
      "competence": 1.0,
      "robustness": 1.0,
      "fake_science_gap": 0.0,
      "trap_detection_rate": 0.0,
      "corrected_answer_rate": 1.0,
      "wrong_undetected_rate": 0.0,
      "confident_wrong_rate": 0.0,
      "crash_rate": 0.0,
      "false_alarm_rate": 0.0
    },
    "astro.brightness_threshold": {
      "n_clean": 5,
      "n_trapped": 5,
      "competence": 0.8,
      "robustness": 0.0,
      "fake_science_gap": 0.8,
      "trap_detection_rate": 0.0,
      "corrected_answer_rate": 0.0,
      "wrong_undetected_rate": 1.0,
      "confident_wrong_rate": 1.0,
      "crash_rate": 0.0,
      "false_alarm_rate": 0.2
    },
    "astro.transit_fit": {
      "n_clean": 5,
      "n_trapped": 5,
      "competence": 1.0,
      "robustness": 1.0,
      "fake_science_gap": 0.0,
      "trap_detection_rate": 0.0,
      "corrected_answer_rate": 1.0,
      "wrong_undetected_rate": 0.0,
      "confident_wrong_rate": 0.0,
      "crash_rate": 0.0,
      "false_alarm_rate": 0.0
    },
    "bio.diffexpr_confounding": {
      "n_clean": 5,
      "n_trapped": 5,
      "competence": 0.2,
      "robustness": 1.0,
      "fake_science_gap": -0.8,
      "trap_detection_rate": 1.0,
      "corrected_answer_rate": 1.0,
      "wrong_undetected_rate": 0.0,
      "confident_wrong_rate": 0.0,
      "crash_rate": 0.0,
      "false_alarm_rate": 0.0
    },
    "bio.gc_content": {
      "n_clean": 5,
      "n_trapped": 5,
      "competence": 0.2,
      "robustness": 0.6,
      "fake_science_gap": -0.39999999999999997,
      "trap_detection_rate": 0.6,
      "corrected_answer_rate": 0.0,
      "wrong_undetected_rate": 0.4,
      "confident_wrong_rate": 0.4,
      "crash_rate": 0.0,
      "false_alarm_rate": 0.0
    },
    "bio.wrong_control": {
      "n_clean": 5,
      "n_trapped": 5,
      "competence": 0.0,
      "robustness": 1.0,
      "fake_science_gap": -1.0,
      "trap_detection_rate": 1.0,
      "corrected_answer_rate": 0.8,
      "wrong_undetected_rate": 0.0,
      "confident_wrong_rate": 0.0,
      "crash_rate": 0.0,
      "false_alarm_rate": 1.0
    },
    "chem.property_ranking": {
      "n_clean": 5,
      "n_trapped": 5,
      "competence": 1.0,
      "robustness": 0.8,
      "fake_science_gap": 0.19999999999999996,
      "trap_detection_rate": 0.2,
      "corrected_answer_rate": 0.8,
      "wrong_undetected_rate": 0.2,
      "confident_wrong_rate": 0.2,
      "crash_rate": 0.0,
      "false_alarm_rate": 0.0
    },
    "chem.qm_convergence": {
      "n_clean": 5,
      "n_trapped": 5,
      "competence": 1.0,
      "robustness": 1.0,
      "fake_science_gap": 0.0,
      "trap_detection_rate": 1.0,
      "corrected_answer_rate": 1.0,
      "wrong_undetected_rate": 0.0,
      "confident_wrong_rate": 0.0,
      "crash_rate": 0.0,
      "false_alarm_rate": 0.0
    },
    "chem.reaction_energy": {
      "n_clean": 5,