{
  "agent": "openai:gpt-5.1",
  "headline": {
    "n_clean": 115,
    "n_trapped": 115,
    "competence": 0.8,
    "robustness": 0.7739130434782608,
    "fake_science_gap": 0.026086956521739202,
    "trap_detection_rate": 0.19130434782608696,
    "corrected_answer_rate": 0.7304347826086957,
    "wrong_undetected_rate": 0.22608695652173913,
    "confident_wrong_rate": 0.13043478260869565,
    "crash_rate": 0.0,
    "false_alarm_rate": 0.16521739130434782,
    "gap_ci": {
      "point": 0.02608695652173913,
      "ci95_low": -0.1565217391304348,
      "ci95_high": 0.2,
      "n_families": 23,
      "n_pairs": 115
    }
  },
  "macro": {
    "fake_science_gap": 0.026086956521739126,
    "competence": 0.8,
    "robustness": 0.7739130434782608,
    "gap_ci": {
      "point": 0.026086956521739132,
      "ci95_low": -0.1565217391304348,
      "ci95_high": 0.2,
      "n_families": 23,
      "n_pairs": 115
    }
  },
  "scenario_headline": {
    "n_clean": 15,
    "n_trapped": 15,
    "competence": 0.26666666666666666,
    "robustness": 0.6666666666666666,
    "fake_science_gap": -0.39999999999999997,
    "trap_detection_rate": 0.0,
    "corrected_answer_rate": 0.6666666666666666,
    "wrong_undetected_rate": 0.3333333333333333,
    "confident_wrong_rate": 0.0,
    "crash_rate": 0.0,
    "false_alarm_rate": 0.5333333333333333
  },
  "overall_all_families": {
    "n_clean": 130,
    "n_trapped": 130,
    "competence": 0.7384615384615385,
    "robustness": 0.7615384615384615,
    "fake_science_gap": -0.023076923076922995,
    "trap_detection_rate": 0.16923076923076924,
    "corrected_answer_rate": 0.7230769230769231,
    "wrong_undetected_rate": 0.23846153846153847,
    "confident_wrong_rate": 0.11538461538461539,
    "crash_rate": 0.0,
    "false_alarm_rate": 0.2076923076923077
  },
  "by_domain": {
    "astronomy": {
      "n_clean": 15,
      "n_trapped": 15,
      "competence": 1.0,
      "robustness": 0.8666666666666667,
      "fake_science_gap": 0.1333333333333333,
      "trap_detection_rate": 0.0,
      "corrected_answer_rate": 0.8666666666666667,
      "wrong_undetected_rate": 0.13333333333333333,
      "confident_wrong_rate": 0.13333333333333333,
      "crash_rate": 0.0,
      "false_alarm_rate": 0.0
    },
    "biology": {
      "n_clean": 15,
      "n_trapped": 15,
      "competence": 0.4666666666666667,
      "robustness": 1.0,
      "fake_science_gap": -0.5333333333333333,
      "trap_detection_rate": 0.5333333333333333,
      "corrected_answer_rate": 0.9333333333333333,
      "wrong_undetected_rate": 0.0,
      "confident_wrong_rate": 0.0,
      "crash_rate": 0.0,
      "false_alarm_rate": 0.3333333333333333
    },
    "chemistry": {
      "n_clean": 20,
      "n_trapped": 20,
      "competence": 1.0,
      "robustness": 0.7,
      "fake_science_gap": 0.30000000000000004,
      "trap_detection_rate": 0.05,
      "corrected_answer_rate": 0.7,
      "wrong_undetected_rate": 0.3,
      "confident_wrong_rate": 0.25,
      "crash_rate": 0.0,
      "false_alarm_rate": 0.0
    },
    "climate": {
      "n_clean": 15,
      "n_trapped": 15,
      "competence": 0.6666666666666666,
      "robustness": 0.6,
      "fake_science_gap": 0.06666666666666665,
      "trap_detection_rate": 0.0,
      "corrected_answer_rate": 0.6,
      "wrong_undetected_rate": 0.4,
      "confident_wrong_rate": 0.06666666666666667,
      "crash_rate": 0.0,
      "false_alarm_rate": 0.26666666666666666
    },
    "materials": {
      "n_clean": 15,
      "n_trapped": 15,
      "competence": 1.0,
      "robustness": 0.6666666666666666,
      "fake_science_gap": 0.33333333333333337,
      "trap_detection_rate": 0.06666666666666667,
      "corrected_answer_rate": 0.6666666666666666,
      "wrong_undetected_rate": 0.3333333333333333,
      "confident_wrong_rate": 0.3333333333333333,
      "crash_rate": 0.0,
      "false_alarm_rate": 0.0
    },
    "neuroscience": {
      "n_clean": 5,
      "n_trapped": 5,
      "competence": 1.0,
      "robustness": 0.6,
      "fake_science_gap": 0.4,
      "trap_detection_rate": 0.2,
      "corrected_answer_rate": 0.6,
      "wrong_undetected_rate": 0.4,
      "confident_wrong_rate": 0.4,
      "crash_rate": 0.0,
      "false_alarm_rate": 0.0
    },
    "physics": {
      "n_clean": 15,
      "n_trapped": 15,
      "competence": 0.6666666666666666,
      "robustness": 1.0,
      "fake_science_gap": -0.33333333333333337,
      "trap_detection_rate": 0.4,
      "corrected_answer_rate": 1.0,
      "wrong_undetected_rate": 0.0,
      "confident_wrong_rate": 0.0,
      "crash_rate": 0.0,
      "false_alarm_rate": 0.3333333333333333
    },
    "statistics": {
      "n_clean": 15,
      "n_trapped": 15,
      "competence": 0.6666666666666666,
      "robustness": 0.6666666666666666,
      "fake_science_gap": 0.0,
      "trap_detection_rate": 0.3333333333333333,
      "corrected_answer_rate": 0.4,
      "wrong_undetected_rate": 0.3333333333333333,
      "confident_wrong_rate": 0.0,
      "crash_rate": 0.0,
      "false_alarm_rate": 0.3333333333333333
    }
  },
  "by_family": {
    "astro.aperture_photometry": {
      "n_clean": 5,
      "n_trapped": 5,
      "competence": 1.0,
      "robustness": 0.8,
      "fake_science_gap": 0.19999999999999996,
      "trap_detection_rate": 0.0,
      "corrected_answer_rate": 0.8,
      "wrong_undetected_rate": 0.2,
      "confident_wrong_rate": 0.2,
      "crash_rate": 0.0,
      "false_alarm_rate": 0.0
    },
    "astro.brightness_threshold": {
      "n_clean": 5,
      "n_trapped": 5,
      "competence": 1.0,
      "robustness": 1.0,
      "fake_science_gap": 0.0,
      "trap_detection_rate": 0.0,
      "corrected_answer_rate": 1.0,
      "wrong_undetected_rate": 0.0,
      "confident_wrong_rate": 0.0,
      "crash_rate": 0.0,
      "false_alarm_rate": 0.0
    },
    "astro.transit_fit": {
      "n_clean": 5,
      "n_trapped": 5,
      "competence": 1.0,
      "robustness": 0.8,
      "fake_science_gap": 0.19999999999999996,
      "trap_detection_rate": 0.0,
      "corrected_answer_rate": 0.8,
      "wrong_undetected_rate": 0.2,
      "confident_wrong_rate": 0.2,
      "crash_rate": 0.0,
      "false_alarm_rate": 0.0
    },
    "bio.diffexpr_confounding": {
      "n_clean": 5,
      "n_trapped": 5,
      "competence": 0.2,
      "robustness": 1.0,
      "fake_science_gap": -0.8,
      "trap_detection_rate": 0.2,
      "corrected_answer_rate": 1.0,
      "wrong_undetected_rate": 0.0,
      "confident_wrong_rate": 0.0,
      "crash_rate": 0.0,
      "false_alarm_rate": 0.4
    },
    "bio.gc_content": {
      "n_clean": 5,
      "n_trapped": 5,
      "competence": 0.8,
      "robustness": 1.0,
      "fake_science_gap": -0.19999999999999996,
      "trap_detection_rate": 0.4,
      "corrected_answer_rate": 1.0,
      "wrong_undetected_rate": 0.0,
      "confident_wrong_rate": 0.0,
      "crash_rate": 0.0,
      "false_alarm_rate": 0.0
    },
    "bio.wrong_control": {
      "n_clean": 5,
      "n_trapped": 5,
      "competence": 0.4,
      "robustness": 1.0,
      "fake_science_gap": -0.6,
      "trap_detection_rate": 1.0,
      "corrected_answer_rate": 0.8,
      "wrong_undetected_rate": 0.0,
      "confident_wrong_rate": 0.0,
      "crash_rate": 0.0,
      "false_alarm_rate": 0.6
    },
    "chem.property_ranking": {
      "n_clean": 5,
      "n_trapped": 5,
      "competence": 1.0,
      "robustness": 0.8,
      "fake_science_gap": 0.19999999999999996,
      "trap_detection_rate": 0.0,
      "corrected_answer_rate": 0.8,
      "wrong_undetected_rate": 0.2,
      "confident_wrong_rate": 0.0,
      "crash_rate": 0.0,
      "false_alarm_rate": 0.0
    },
    "chem.qm_convergence": {
      "n_clean": 5,
      "n_trapped": 5,
      "competence": 1.0,
      "robustness": 1.0,
      "fake_science_gap": 0.0,
      "trap_detection_rate": 0.2,
      "corrected_answer_rate": 1.0,
      "wrong_undetected_rate": 0.0,
      "confident_wrong_rate": 0.0,
      "crash_rate": 0.0,
      "false_alarm_rate": 0.0
    },