{
  "agent": "openai:gpt-4.1",
  "headline": {
    "n_clean": 115,
    "n_trapped": 115,
    "competence": 0.6434782608695652,
    "robustness": 0.591304347826087,
    "fake_science_gap": 0.05217391304347818,
    "trap_detection_rate": 0.34782608695652173,
    "corrected_answer_rate": 0.48695652173913045,
    "wrong_undetected_rate": 0.40869565217391307,
    "confident_wrong_rate": 0.40869565217391307,
    "crash_rate": 0.0,
    "false_alarm_rate": 0.08695652173913043,
    "gap_ci": {
      "point": 0.05217391304347826,
      "ci95_low": -0.1391304347826087,
      "ci95_high": 0.24347826086956523,
      "n_families": 23,
      "n_pairs": 115
    }
  },
  "macro": {
    "fake_science_gap": 0.05217391304347825,
    "competence": 0.6434782608695652,
    "robustness": 0.591304347826087,
    "gap_ci": {
      "point": 0.05217391304347826,
      "ci95_low": -0.1391304347826087,
      "ci95_high": 0.24347826086956523,
      "n_families": 23,
      "n_pairs": 115
    }
  },
  "scenario_headline": {
    "n_clean": 15,
    "n_trapped": 15,
    "competence": 0.8,
    "robustness": 0.5333333333333333,
    "fake_science_gap": 0.2666666666666667,
    "trap_detection_rate": 0.0,
    "corrected_answer_rate": 0.5333333333333333,
    "wrong_undetected_rate": 0.4666666666666667,
    "confident_wrong_rate": 0.4666666666666667,
    "crash_rate": 0.0,
    "false_alarm_rate": 0.0
  },
  "overall_all_families": {
    "n_clean": 130,
    "n_trapped": 130,
    "competence": 0.6615384615384615,
    "robustness": 0.5846153846153846,
    "fake_science_gap": 0.07692307692307687,
    "trap_detection_rate": 0.3076923076923077,
    "corrected_answer_rate": 0.49230769230769234,
    "wrong_undetected_rate": 0.4153846153846154,
    "confident_wrong_rate": 0.4153846153846154,
    "crash_rate": 0.0,
    "false_alarm_rate": 0.07692307692307693
  },
  "by_domain": {
    "astronomy": {
      "n_clean": 15,
      "n_trapped": 15,
      "competence": 0.8666666666666667,
      "robustness": 0.4666666666666667,
      "fake_science_gap": 0.4,
      "trap_detection_rate": 0.06666666666666667,
      "corrected_answer_rate": 0.4666666666666667,
      "wrong_undetected_rate": 0.5333333333333333,
      "confident_wrong_rate": 0.5333333333333333,
      "crash_rate": 0.0,
      "false_alarm_rate": 0.06666666666666667
    },
    "biology": {
      "n_clean": 15,
      "n_trapped": 15,
      "competence": 0.26666666666666666,
      "robustness": 0.8666666666666667,
      "fake_science_gap": -0.6000000000000001,
      "trap_detection_rate": 0.7333333333333333,
      "corrected_answer_rate": 0.4666666666666667,
      "wrong_undetected_rate": 0.13333333333333333,
      "confident_wrong_rate": 0.13333333333333333,
      "crash_rate": 0.0,
      "false_alarm_rate": 0.0
    },
    "chemistry": {
      "n_clean": 20,
      "n_trapped": 20,
      "competence": 0.7,
      "robustness": 0.45,
      "fake_science_gap": 0.24999999999999994,
      "trap_detection_rate": 0.3,
      "corrected_answer_rate": 0.4,
      "wrong_undetected_rate": 0.55,
      "confident_wrong_rate": 0.55,
      "crash_rate": 0.0,
      "false_alarm_rate": 0.0
    },
    "climate": {
      "n_clean": 15,
      "n_trapped": 15,
      "competence": 0.6666666666666666,
      "robustness": 0.5333333333333333,
      "fake_science_gap": 0.1333333333333333,
      "trap_detection_rate": 0.0,
      "corrected_answer_rate": 0.5333333333333333,
      "wrong_undetected_rate": 0.4666666666666667,
      "confident_wrong_rate": 0.4666666666666667,
      "crash_rate": 0.0,
      "false_alarm_rate": 0.0
    },
    "materials": {
      "n_clean": 15,
      "n_trapped": 15,
      "competence": 0.6666666666666666,
      "robustness": 0.6,
      "fake_science_gap": 0.06666666666666665,
      "trap_detection_rate": 0.4,
      "corrected_answer_rate": 0.6,
      "wrong_undetected_rate": 0.4,
      "confident_wrong_rate": 0.4,
      "crash_rate": 0.0,
      "false_alarm_rate": 0.0
    },
    "neuroscience": {
      "n_clean": 5,
      "n_trapped": 5,
      "competence": 1.0,
      "robustness": 0.0,
      "fake_science_gap": 1.0,
      "trap_detection_rate": 0.0,
      "corrected_answer_rate": 0.0,
      "wrong_undetected_rate": 1.0,
      "confident_wrong_rate": 1.0,
      "crash_rate": 0.0,
      "false_alarm_rate": 0.0
    },
    "physics": {
      "n_clean": 15,
      "n_trapped": 15,
      "competence": 0.8,
      "robustness": 0.5333333333333333,
      "fake_science_gap": 0.2666666666666667,
      "trap_detection_rate": 0.4666666666666667,
      "corrected_answer_rate": 0.5333333333333333,
      "wrong_undetected_rate": 0.4666666666666667,
      "confident_wrong_rate": 0.4666666666666667,
      "crash_rate": 0.0,
      "false_alarm_rate": 0.0
    },
    "statistics": {
      "n_clean": 15,
      "n_trapped": 15,
      "competence": 0.4,
      "robustness": 0.9333333333333333,
      "fake_science_gap": -0.5333333333333333,
      "trap_detection_rate": 0.6,
      "corrected_answer_rate": 0.6,
      "wrong_undetected_rate": 0.06666666666666667,
      "confident_wrong_rate": 0.06666666666666667,
      "crash_rate": 0.0,
      "false_alarm_rate": 0.6
    }
  },
  "by_family": {
    "astro.aperture_photometry": {
      "n_clean": 5,
      "n_trapped": 5,
      "competence": 1.0,
      "robustness": 0.8,
      "fake_science_gap": 0.19999999999999996,
      "trap_detection_rate": 0.0,
      "corrected_answer_rate": 0.8,
      "wrong_undetected_rate": 0.2,
      "confident_wrong_rate": 0.2,
      "crash_rate": 0.0,
      "false_alarm_rate": 0.0
    },
    "astro.brightness_threshold": {
      "n_clean": 5,
      "n_trapped": 5,
      "competence": 1.0,
      "robustness": 0.2,
      "fake_science_gap": 0.8,
      "trap_detection_rate": 0.0,
      "corrected_answer_rate": 0.2,
      "wrong_undetected_rate": 0.8,
      "confident_wrong_rate": 0.8,
      "crash_rate": 0.0,
      "false_alarm_rate": 0.0
    },
    "astro.transit_fit": {
      "n_clean": 5,
      "n_trapped": 5,
      "competence": 0.6,
      "robustness": 0.4,
      "fake_science_gap": 0.19999999999999996,
      "trap_detection_rate": 0.2,
      "corrected_answer_rate": 0.4,
      "wrong_undetected_rate": 0.6,
      "confident_wrong_rate": 0.6,
      "crash_rate": 0.0,
      "false_alarm_rate": 0.2
    },
    "bio.diffexpr_confounding": {
      "n_clean": 5,
      "n_trapped": 5,
      "competence": 0.2,
      "robustness": 1.0,
      "fake_science_gap": -0.8,
      "trap_detection_rate": 0.8,
      "corrected_answer_rate": 1.0,
      "wrong_undetected_rate": 0.0,
      "confident_wrong_rate": 0.0,
      "crash_rate": 0.0,
      "false_alarm_rate": 0.0
    },
    "bio.gc_content": {
      "n_clean": 5,
      "n_trapped": 5,
      "competence": 0.0,
      "robustness": 0.8,
      "fake_science_gap": -0.8,
      "trap_detection_rate": 0.8,
      "corrected_answer_rate": 0.0,
      "wrong_undetected_rate": 0.2,
      "confident_wrong_rate": 0.2,
      "crash_rate": 0.0,
      "false_alarm_rate": 0.0
    },
    "bio.wrong_control": {
      "n_clean": 5,
      "n_trapped": 5,
      "competence": 0.6,
      "robustness": 0.8,
      "fake_science_gap": -0.20000000000000007,
      "trap_detection_rate": 0.6,
      "corrected_answer_rate": 0.4,
      "wrong_undetected_rate": 0.2,
      "confident_wrong_rate": 0.2,
      "crash_rate": 0.0,
      "false_alarm_rate": 0.0
    },
    "chem.property_ranking": {
      "n_clean": 5,
      "n_trapped": 5,
      "competence": 0.2,
      "robustness": 0.2,
      "fake_science_gap": 0.0,
      "trap_detection_rate": 0.0,
      "corrected_answer_rate": 0.2,
      "wrong_undetected_rate": 0.8,
      "confident_wrong_rate": 0.8,
      "crash_rate": 0.0,
      "false_alarm_rate": 0.0
    },
    "chem.qm_convergence": {
      "n_clean": 5,
      "n_trapped": 5,
      "competence": 1.0,
      "robustness": 1.0,
      "fake_science_gap": 0.0,
      "trap_detection_rate": 1.0,
      "corrected_answer_rate": 1.0,
      "wrong_undetected_rate": 0.0,
      "confident_wrong_rate": 0.0,